current,voltage,temperature,Elapsed-Time,Motor-Temperature
-0.013733329264198737,0.009155552842799158,22.998748741111484,1200.0028195381165,29.69
